Method,n_valid,Mean_beta,Bias,RelBias,EmpSE,RMSE,Coverage,Power
Oracle,500,-0.996256321796871,0.0037436782031290416,0.37436782031290416,1.3804114557384115,1.3790354348913814,93.60000000000001,12.0
Naive,500,-0.7322429270302343,0.2677570729697657,26.77570729697657,1.1528330120032984,1.1823957695216962,93.8,10.4
StdRC,500,-1.0653140037076523,-0.06531400370765228,-6.531400370765228,1.6955576844071778,1.6951200395577446,93.60000000000001,10.4
GRC,500,-0.9804806419779604,0.019519358022039635,1.9519358022039635,1.541713051768842,1.5402942514545717,93.60000000000001,11.0
SIMEX,500,-0.9149499783458915,0.08505002165410847,8.505002165410847,1.5257951378439683,1.5266395145044298,85.8,22.6
