Method,n_valid,Mean_beta,Bias,RelBias,EmpSE,RMSE,Coverage,Power
Oracle,500,-1.104999712482557,-0.10499971248255702,-10.4999712482557,1.4155522223697432,1.4180287224484651,93.0,12.4
Naive,500,-0.6284345139446269,0.3715654860553731,37.15654860553731,1.0728052471440004,1.1343148533501028,90.8,8.799999999999999
StdRC,500,-0.9732070123853105,0.026792987614689512,2.679298761468951,1.7244639967778408,1.7229470067927104,93.8,8.799999999999999
GRC,500,-0.8974373105050762,0.10256268949492375,10.256268949492375,1.5427728886009249,1.5446381436138594,93.0,10.2
SIMEX,500,-0.8230540889958277,0.17694591100417234,17.694591100417234,1.4810257886790208,1.4900873690424825,84.39999999999999,20.0
