Method,n_valid,Mean_beta,Bias,RelBias,EmpSE,RMSE,Coverage,Power
Oracle,500,-1.2057008557032738,-0.2057008557032738,-20.57008557032738,2.059046670216112,2.067246159939561,94.39999999999999,9.4
Naive,500,-0.8759808104263245,0.12401918957367553,12.401918957367553,1.6760759497537538,1.6789856722279595,93.2,8.4
StdRC,500,-1.2886861043169138,-0.28868610431691377,-28.868610431691376,2.5813715293478836,2.5948972390845175,93.60000000000001,8.4
GRC,500,-1.1871018781069034,-0.18710187810690337,-18.710187810690336,2.414610213838211,2.419439793132575,93.60000000000001,9.4
SIMEX,500,-1.1414072090632947,-0.14140720906329474,-14.140720906329474,2.3187111438789514,2.3207034547278997,84.2,21.8
