Method,n_valid,Mean_beta,Bias,RelBias,EmpSE,RMSE,Coverage,Power
Oracle,500,-1.0874897193092414,-0.08748971930924143,-8.748971930924142,1.3053415261098655,1.3069671448709292,95.19999999999999,12.4
Naive,500,-0.7411480336878383,0.2588519663121617,25.885196631216168,1.06003533583624,1.0901522388449605,94.39999999999999,10.4
StdRC,500,-0.9350645732298364,0.06493542677016362,6.493542677016362,1.3569152940384854,1.3571121127655523,95.39999999999999,10.4
GRC,500,-0.8772067448598595,0.1227932551401405,12.279325514014051,1.273271649154266,1.2779109650765406,95.0,9.0
SIMEX,500,-0.864787461967163,0.13521253803283695,13.521253803283695,1.2966799691305648,1.302420291189075,89.60000000000001,16.0
