Method,n_valid,Mean_beta,Bias,RelBias,EmpSE,RMSE,Coverage,Power
Oracle,500,-0.9683665443502896,0.03163345564971043,3.163345564971043,1.3316057933940717,1.3306495844282205,94.39999999999999,11.799999999999999
Naive,500,-0.5959932541115621,0.4040067458884379,40.400674588843785,0.9812739658483433,1.0602802693547573,90.8,9.4
StdRC,500,-0.7744441856074363,0.22555581439256367,22.55558143925637,1.3064601377483323,1.324499845507214,93.60000000000001,9.4
GRC,500,-0.7247142151678065,0.27528578483219346,27.528578483219345,1.2255002748193184,1.2548424144352697,93.0,10.0
SIMEX,500,-0.6942859077168947,0.3057140922831053,30.571409228310532,1.2289105778218328,1.2651726649300912,85.8,16.6
