Method,n_valid,Mean_beta,Bias,RelBias,EmpSE,RMSE,Coverage,Power
Oracle,100,-1.0215575753628876,-0.021557575362887604,-2.1557575362887604,1.264249841550531,1.2580974184447975,96.0,10.0
Naive,100,-0.7261546883454056,0.27384531165459436,27.384531165459435,0.9942919907421501,1.026509450487744,96.0,10.0
StdRC,100,-0.9179743069474873,0.08202569305251273,8.202569305251274,1.2733566292348544,1.2696263026910446,99.0,10.0
GRC,100,-0.8802176917253169,0.11978230827468306,11.978230827468305,1.1968794341143991,1.1968888742834716,100.0,11.0
SIMEX,100,-0.9534981649938582,0.0465018350061418,4.65018350061418,1.274262347003427,1.2687275138341227,88.0,17.0
