Method,n_valid,Mean_beta,Bias,RelBias,EmpSE,RMSE,Coverage,Power
Oracle,100,-1.0215575753628876,-0.021557575362887604,-2.1557575362887604,1.264249841550531,1.2580974184447975,96.0,10.0
Naive,100,-0.9638190886893001,0.03618091131069989,3.6180911310699893,1.1393784161336196,1.13424441887228,96.0,7.000000000000001
StdRC,100,-1.0299459969726752,-0.029945996972675193,-2.9945996972675193,1.2202658180485297,1.2145183995170097,96.0,7.000000000000001
GRC,100,-1.0204344515982808,-0.020434451598280834,-2.0434451598280834,1.2121854732320902,1.2062824097664195,96.0,7.000000000000001
SIMEX,100,-1.090010580071335,-0.09001058007133489,-9.001058007133489,1.224996960342408,1.2221756346141237,96.0,12.0
