Method,n_valid,Mean_beta,Bias,RelBias,EmpSE,RMSE,Coverage,Power
Oracle,200,-1.0296508230734411,-0.029650823073441135,-2.9650823073441135,1.4032252959137614,1.4000268555444693,94.0,10.5
Naive,200,-0.7270448071613912,0.2729551928386088,27.29551928386088,1.240023986030849,1.266679014509887,91.5,10.0
StdRC,200,-1.0725322806037325,-0.07253228060373251,-7.253228060373251,1.8412153583392696,1.8380382361460987,94.0,10.0
GRC,200,-0.9963760414552726,0.0036239585447274125,0.36239585447274125,1.6799229527869788,1.6757218011172241,93.5,10.0
SIMEX,200,-0.9707408259234154,0.029259174076584626,2.9259174076584626,1.727024874570821,1.722950359722262,81.0,22.5
